label	rc	mode	rtt	cap	chunk	size	mbps	wall_mbps	ceil_mbps	wall_s	recv	sent	fwd	drop	shim_write_err	go_cpu	go_cores	chrome_cpu	chrome_cores	chunk_eff	cs_per_gb	chrome_cs_per_gb	msg_per_s	msg_total	us_per_msg_go	us_per_msg_chrome	nstall	stall_s	error
e34-sanity-rtt71-32MiB-16KiB-r1	0	raw	71	0	16KiB	32MiB	240.749	221.591	467.4	2.90	33554432	33554432	43043	0	0	1.5764	1.4138	0.7600	0.5237	16384	46.981	22.650	1836.8	2048	769.7	371.1	3	0.3	
e34-sanity-rtt71-32MiB-16KiB-r2	0	raw	71	0	16KiB	32MiB	9.741	9.713	35.7	29.29	33554432	33554432	43951	0	0	2.4391	0.0885	1.3300	0.0477	16384	72.692	39.637	74.3	2048	1191.0	649.4	1	0.1	
e34-sanity-rtt71-32MiB-16KiB-r3	0	raw	71	0	16KiB	32MiB	9.052	9.034	14.7	31.34	33554432	33554432	43654	0	0	2.4124	0.0813	1.2200	0.0407	16384	71.894	36.359	69.1	2048	1177.9	595.7	3	0.3	
e34-sanity-rtt0-32MiB-16KiB-r1	0	raw	0	0	16KiB	32MiB	535.906	421.671	509.6	1.63	33554432	33554432	43041	0	0	1.7123	3.4185	0.7400	1.0696	16384	51.031	22.054	4088.6	2048	836.1	361.3	0	0.0	
e34-ceil-rtt0-16KiB-r1	0	raw	0	0	16KiB	64MiB	409.950	383.452	454.6	3.04	67108864	67108864	86569	0	0	2.8599	2.1838	1.5900	0.9571	16384	42.615	23.693	3127.7	4096	698.2	388.2	0	0.0	
e34-ceil-rtt0-64KiB-r1	0	raw	0	0	64KiB	64MiB	522.451	473.556	522.2	2.16	67108864	67108864	86051	0	0	3.6863	3.5873	1.4400	1.2033	65536	54.930	21.458	996.5	1024	3599.9	1406.2	1	0.1	
e34-ceil-rtt0-256KiB-r1	0	raw	0	0	256KiB	64MiB	455.245	302.207	532.7	2.78	67108864	67108864	87413	0	0	3.2334	2.7418	1.4500	0.7880	262144	48.182	21.607	217.1	256	12630.6	5664.1	0	0.0	
e34-ceil-rtt0-16KiB-r2	0	raw	0	0	16KiB	64MiB	517.715	469.293	520.6	2.19	67108864	67108864	86051	0	0	3.6516	3.5213	1.5100	1.2614	16384	54.413	22.501	3949.9	4096	891.5	368.7	0	0.0	
e34-ceil-rtt0-64KiB-r2	0	raw	0	0	64KiB	64MiB	523.470	473.515	526.4	2.13	67108864	67108864	88150	0	0	3.3720	3.2878	1.4400	1.2122	65536	50.247	21.458	998.4	1024	3293.0	1406.2	0	0.0	
e34-ceil-rtt0-256KiB-r2	0	raw	0	0	256KiB	64MiB	532.927	479.050	536.9	2.14	67108864	67108864	86051	0	0	3.5816	3.5553	1.4100	1.1858	262144	53.370	21.011	254.1	256	13990.5	5507.8	2	0.2	
e34-ceil-rtt0-16KiB-r3	0	raw	0	0	16KiB	64MiB	527.482	469.498	556.0	2.14	67108864	67108864	88125	0	0	3.6125	3.5493	1.5100	1.2610	16384	53.831	22.501	4024.4	4096	882.0	368.7	0	0.0	
e34-ceil-rtt0-64KiB-r3	0	raw	0	0	64KiB	64MiB	526.292	476.245	528.5	2.13	67108864	67108864	86051	0	0	3.6230	3.5516	1.4500	1.2269	65536	53.987	21.607	1003.8	1024	3538.1	1416.0	1	0.1	
e34-ceil-rtt0-256KiB-r3	0	raw	0	0	256KiB	64MiB	532.927	477.388	536.9	2.14	67108864	67108864	86581	0	0	3.4176	3.3925	1.4100	1.1748	262144	50.926	21.011	254.1	256	13350.0	5507.8	2	0.2	
e34-ceil-rtt71-16KiB-r1	0	raw	71	0	16KiB	64MiB	8.646	8.628	16.3	64.15	67108864	67108864	87253	0	0	5.1118	0.0823	2.3300	0.0373	16384	76.172	34.720	66.0	4096	1248.0	568.8	4	0.4	
e34-ceil-rtt71-64KiB-r1	0	raw	71	0	64KiB	64MiB	8.161	8.151	41.9	67.76	67108864	67108864	87753	0	0	5.3145	0.0808	2.4900	0.0376	65536	79.193	37.104	15.6	1024	5190.0	2431.6	31	3.1	
e34-ceil-rtt71-256KiB-r1	0	raw	71	0	256KiB	64MiB	8.301	8.291	33.6	66.86	67108864	67108864	87572	0	0	4.9799	0.0770	2.4000	0.0368	262144	74.206	35.763	4.0	256	19452.6	9375.0	396	39.6	
e34-ceil-rtt71-16KiB-r2	0	raw	71	0	16KiB	64MiB	7.884	7.878	55.6	69.90	67108864	67108864	89403	0	0	5.0935	0.0748	2.4400	0.0357	16384	75.900	36.359	60.2	4096	1243.5	595.7	5	0.5	
e34-ceil-rtt71-64KiB-r2	0	raw	71	0	64KiB	64MiB	7.312	7.298	32.5	75.44	67108864	67108864	90232	0	0	5.1932	0.0707	2.5500	0.0345	65536	77.384	37.998	13.9	1024	5071.5	2490.2	66	6.6	
e34-ceil-rtt71-256KiB-r2	0	raw	71	0	256KiB	64MiB	7.604	7.592	50.3	72.74	67108864	67108864	87916	0	0	4.9980	0.0708	2.4900	0.0349	262144	74.477	37.104	3.6	256	19523.6	9726.6	460	46.0	
e34-ceil-rtt71-16KiB-r3	0	raw	71	0	16KiB	64MiB	12.134	12.115	34.9	46.05	67108864	67108864	86906	0	0	4.5940	0.1038	1.9900	0.0446	16384	68.456	29.653	92.6	4096	1121.6	485.8	5	0.5	
e34-ceil-rtt71-64KiB-r3	0	raw	71	0	64KiB	64MiB	7.444	7.438	13.6	73.96	67108864	67108864	87336	0	0	5.0028	0.0694	2.4800	0.0342	65536	74.547	36.955	14.2	1024	4885.5	2421.9	36	3.6	
e34-ceil-rtt71-256KiB-r3	0	raw	71	0	256KiB	64MiB	7.635	7.624	16.8	72.46	67108864	67108864	87392	0	0	4.8597	0.0691	2.4100	0.0340	262144	72.415	35.912	3.6	256	18983.0	9414.1	448	44.8	
e34-cap8mb-rtt0-16KiB-r1	0	raw	0	8MB	16KiB	64MiB	59.705	59.034	62.7	10.16	67108864	67108864	86726	37	0	3.7103	0.4126	2.0500	0.2240	16384	55.288	30.547	455.5	4096	905.8	500.5	0	0.0	
e34-cap8mb-rtt0-64KiB-r1	0	raw	0	8MB	64KiB	64MiB	59.709	59.030	62.9	10.09	67108864	67108864	86757	32	0	3.6922	0.4106	1.9700	0.2151	65536	55.017	29.355	113.9	1024	3605.6	1923.8	0	0.0	
e34-cap8mb-rtt0-256KiB-r1	0	raw	0	8MB	256KiB	64MiB	59.721	59.058	67.1	10.09	67108864	67108864	86757	23	0	3.6596	0.4071	1.9600	0.2140	262144	54.532	29.206	28.5	256	14295.1	7656.2	0	0.0	
e34-cap8mb-rtt0-16KiB-r2	0	raw	0	8MB	16KiB	64MiB	59.698	59.034	69.7	10.11	67108864	67108864	86761	28	0	3.6697	0.4081	1.9800	0.2158	16384	54.683	29.504	455.5	4096	895.9	483.4	1	0.1	
e34-cap8mb-rtt0-64KiB-r2	0	raw	0	8MB	64KiB	64MiB	54.482	54.042	91.2	10.93	67108864	67108864	87880	2781	0	3.8530	0.3910	2.0600	0.2058	65536	57.414	30.696	103.9	1024	3762.7	2011.7	10	1.0	
e34-cap8mb-rtt0-256KiB-r2	0	raw	0	8MB	256KiB	64MiB	54.481	54.098	92.3	10.93	67108864	67108864	87933	2818	0	3.9064	0.3964	2.1200	0.2122	262144	58.210	31.590	26.0	256	15259.5	8281.2	10	1.0	
e34-cap8mb-rtt0-16KiB-r3	0	raw	0	8MB	16KiB	64MiB	59.696	59.031	65.8	10.10	67108864	67108864	86740	38	0	3.6476	0.4056	2.0000	0.2184	16384	54.353	29.802	455.4	4096	890.5	488.3	0	0.0	
e34-cap8mb-rtt0-64KiB-r3	0	raw	0	8MB	64KiB	64MiB	59.713	59.035	65.0	10.10	67108864	67108864	86681	39	0	3.7422	0.4162	1.9000	0.2074	65536	55.763	28.312	113.9	1024	3654.5	1855.5	0	0.0	
e34-cap8mb-rtt0-256KiB-r3	0	raw	0	8MB	256KiB	64MiB	59.737	59.040	71.3	10.16	67108864	67108864	86678	66	0	3.6684	0.4082	1.9900	0.2173	262144	54.663	29.653	28.5	256	14329.6	7773.4	1	0.1	
e34-cap8mb-rtt71-16KiB-r1	0	raw	71	8MB	16KiB	64MiB	8.182	8.170	14.7	67.35	67108864	67108864	87152	0	0	4.9890	0.0760	2.4400	0.0370	16384	74.343	36.359	62.4	4096	1218.0	595.7	12	1.2	
e34-cap8mb-rtt71-64KiB-r1	0	raw	71	8MB	64KiB	64MiB	9.080	9.071	116.4	61.00	67108864	67108864	90544	1432	0	5.0746	0.0858	2.2200	0.0373	65536	75.617	33.081	17.3	1024	4955.6	2168.0	56	5.6	
e34-cap8mb-rtt71-256KiB-r1	0	raw	71	8MB	256KiB	64MiB	8.530	8.518	16.8	65.07	67108864	67108864	87148	0	0	4.7270	0.0751	2.2400	0.0352	262144	70.438	33.379	4.1	256	18464.8	8750.0	375	37.5	
e34-cap8mb-rtt71-16KiB-r2	0	raw	71	8MB	16KiB	64MiB	8.254	8.241	54.8	66.88	67108864	67108864	87638	0	0	4.9700	0.0764	2.4100	0.0369	16384	74.059	35.912	63.0	4096	1213.4	588.4	4	0.4	
e34-cap8mb-rtt71-64KiB-r2	0	raw	71	8MB	64KiB	64MiB	7.112	7.104	25.2	77.46	67108864	67108864	88438	859	0	5.3016	0.0702	2.5500	0.0336	65536	79.000	37.998	13.6	1024	5177.4	2490.2	119	11.9	
e34-cap8mb-rtt71-256KiB-r2	0	raw	71	8MB	256KiB	64MiB	8.253	8.242	79.7	67.16	67108864	67108864	89829	1444	0	5.1246	0.0788	2.4000	0.0365	262144	76.362	35.763	3.9	256	20017.9	9375.0	422	42.2	
e34-cap8mb-rtt71-16KiB-r3	0	raw	71	8MB	16KiB	64MiB	10.285	10.272	107.5	53.95	67108864	67108864	89880	1430	0	4.8564	0.0930	2.1200	0.0404	16384	72.366	31.590	78.5	4096	1185.7	517.6	23	2.3	
e34-cap8mb-rtt71-64KiB-r3	0	raw	71	8MB	64KiB	64MiB	7.791	7.784	14.7	70.83	67108864	67108864	87264	0	0	4.9718	0.0722	2.4500	0.0353	65536	74.085	36.508	14.9	1024	4855.3	2392.6	45	4.5	
e34-cap8mb-rtt71-256KiB-r3	0	raw	71	8MB	256KiB	64MiB	10.472	10.459	75.5	53.34	67108864	67108864	88962	49	0	4.6762	0.0912	1.9700	0.0380	262144	69.680	29.355	5.0	256	18266.3	7695.3	278	27.8	
e34-cap30mb-rtt0-16KiB-r1	0	raw	0	30MB	16KiB	64MiB	228.329	221.958	259.3	3.44	67108864	67108864	88378	883	0	3.3474	1.4236	1.8400	0.7400	16384	49.880	27.418	1742.0	4096	817.2	449.2	0	0.0	
e34-cap30mb-rtt0-64KiB-r1	0	raw	0	30MB	64KiB	64MiB	228.524	221.399	274.7	3.43	67108864	67108864	88562	573	0	3.4680	1.4762	1.8300	0.7352	65536	51.677	27.269	435.9	1024	3386.7	1787.1	0	0.0	
e34-cap30mb-rtt0-256KiB-r1	0	raw	0	30MB	256KiB	64MiB	170.241	166.060	318.8	4.27	67108864	67108864	88051	594	0	3.4371	1.0899	1.8600	0.5645	262144	51.217	27.716	81.2	256	13426.1	7265.6	10	1.0	
e34-cap30mb-rtt0-16KiB-r2	0	raw	0	30MB	16KiB	64MiB	227.816	221.738	258.7	3.50	67108864	67108864	88705	705	0	3.4833	1.4781	1.8700	0.7531	16384	51.905	27.865	1738.1	4096	850.4	456.5	1	0.1	
e34-cap30mb-rtt0-64KiB-r2	0	raw	0	30MB	64KiB	64MiB	230.051	222.003	253.8	3.44	67108864	67108864	87702	177	0	3.3578	1.4388	1.8000	0.7279	65536	50.035	26.822	438.8	1024	3279.1	1757.8	0	0.0	
e34-cap30mb-rtt0-256KiB-r2	0	raw	0	30MB	256KiB	64MiB	230.634	222.307	260.0	3.45	67108864	67108864	87264	686	0	3.2161	1.3816	1.7900	0.7214	262144	47.924	26.673	110.0	256	12563.0	6992.2	0	0.0	
e34-cap30mb-rtt0-16KiB-r3	0	raw	0	30MB	16KiB	64MiB	225.728	214.834	242.2	3.51	67108864	67108864	89514	976	0	3.2966	1.3860	1.8200	0.7104	16384	49.123	27.120	1722.2	4096	804.8	444.3	0	0.0	
e34-cap30mb-rtt0-64KiB-r3	0	raw	0	30MB	64KiB	64MiB	226.930	222.150	256.9	3.41	67108864	67108864	89167	846	0	3.3323	1.4085	1.8300	0.7383	65536	49.655	27.269	432.8	1024	3254.2	1787.1	1	0.1	
e34-cap30mb-rtt0-256KiB-r3	0	raw	0	30MB	256KiB	64MiB	228.223	222.519	260.0	3.43	67108864	67108864	88648	783	0	3.1780	1.3510	1.7600	0.7081	262144	47.356	26.226	108.8	256	12414.1	6875.0	1	0.1	
e34-cap30mb-rtt71-16KiB-r1	0	raw	71	30MB	16KiB	64MiB	8.994	8.985	21.5	62.19	67108864	67108864	87010	0	0	4.7585	0.0797	2.1500	0.0358	16384	70.907	32.037	68.6	4096	1161.7	524.9	1	0.1	
e34-cap30mb-rtt71-64KiB-r1	0	raw	71	30MB	64KiB	64MiB	9.420	9.407	21.0	58.94	67108864	67108864	87104	0	0	4.7144	0.0827	2.0500	0.0357	65536	70.250	30.547	18.0	1024	4603.9	2002.0	22	2.2	
e34-cap30mb-rtt71-256KiB-r1	0	raw	71	30MB	256KiB	64MiB	11.873	11.858	104.9	48.10	67108864	67108864	87947	0	0	4.4173	0.0977	1.8900	0.0413	262144	65.824	28.163	5.7	256	17255.2	7382.8	241	24.1	
e34-cap30mb-rtt71-16KiB-r2	0	raw	71	30MB	16KiB	64MiB	8.632	8.614	18.6	64.03	67108864	67108864	87185	0	0	5.0589	0.0813	2.2900	0.0366	16384	75.383	34.124	65.9	4096	1235.1	559.1	5	0.5	
e34-cap30mb-rtt71-64KiB-r2	0	raw	71	30MB	64KiB	64MiB	8.981	8.967	14.7	61.76	67108864	67108864	87141	0	0	4.7791	0.0799	2.1200	0.0352	65536	71.213	31.590	17.1	1024	4667.0	2070.3	18	1.8	
e34-cap30mb-rtt71-256KiB-r2	0	raw	71	30MB	256KiB	64MiB	18.693	18.624	247.5	30.79	67108864	67108864	89466	0	0	3.9202	0.1365	1.8100	0.0617	262144	58.416	26.971	8.9	256	15313.3	7070.3	153	15.3	
e34-cap30mb-rtt71-16KiB-r3	0	raw	71	30MB	16KiB	64MiB	17.872	17.827	35.9	31.78	67108864	67108864	87180	0	0	4.5929	0.1529	2.0000	0.0658	16384	68.439	29.802	136.4	4096	1121.3	488.3	1	0.1	
e34-cap30mb-rtt71-64KiB-r3	0	raw	71	30MB	64KiB	64MiB	8.943	8.923	44.0	61.99	67108864	67108864	87617	0	0	4.9684	0.0828	2.1100	0.0348	65536	74.035	31.441	17.1	1024	4851.9	2060.5	18	1.8	
e34-cap30mb-rtt71-256KiB-r3	0	raw	71	30MB	256KiB	64MiB	18.139	18.063	29.4	31.81	67108864	67108864	86536	0	0	4.7514	0.1605	2.0500	0.0677	262144	70.802	30.547	8.6	256	18560.3	8007.8	62	6.2	
e34-small-ceil-1KiB-r1	0	raw	0	0	1KiB	64MiB	440.708	400.291	486.2	2.43	67108864	67108864	100385	0	0	4.2672	3.5029	2.1000	1.4996	1024	63.587	31.292	53797.4	65536	65.1	32.0	1	0.1	
e34-small-ceil-4KiB-r1	0	raw	0	0	4KiB	64MiB	459.453	402.422	463.9	2.31	67108864	67108864	98339	0	0	3.9753	3.4021	1.7900	1.2940	4096	59.237	26.673	14021.4	16384	242.6	109.3	0	0.0	
e34-small-ceil-16KiB-r1	0	raw	0	0	16KiB	64MiB	526.035	473.014	525.1	2.16	67108864	67108864	86054	0	0	3.5590	3.4871	1.4900	1.2383	16384	53.033	22.203	4013.3	4096	868.9	363.8	0	0.0	
e34-small-ceil-1KiB-r2	0	raw	0	0	1KiB	64MiB	443.768	402.331	445.9	2.31	67108864	67108864	98339	0	0	4.2243	3.4918	2.1000	1.5096	1024	62.947	31.292	54170.9	65536	64.5	32.0	0	0.0	
e34-small-ceil-4KiB-r2	0	raw	0	0	4KiB	64MiB	458.825	417.766	462.7	2.29	67108864	67108864	98339	0	0	4.1283	3.5282	1.7900	1.3263	4096	61.517	26.673	14002.2	16384	252.0	109.3	1	0.1	
e34-small-ceil-16KiB-r2	0	raw	0	0	16KiB	64MiB	515.330	446.203	526.4	2.22	67108864	67108864	86051	0	0	3.6915	3.5434	1.5000	1.1847	16384	55.008	22.352	3931.7	4096	901.2	366.2	1	0.1	
e34-small-ceil-1KiB-r3	0	raw	0	0	1KiB	64MiB	443.072	402.965	444.4	2.33	67108864	67108864	98339	0	0	4.2442	3.5026	2.1200	1.5312	1024	63.243	31.590	54086.0	65536	64.8	32.3	0	0.0	
e34-small-ceil-4KiB-r3	0	raw	0	0	4KiB	64MiB	466.844	426.799	475.2	2.26	67108864	67108864	98342	0	0	3.8497	3.3476	1.7700	1.3412	4096	57.365	26.375	14247.0	16384	235.0	108.0	0	0.0	
e34-small-ceil-16KiB-r3	0	raw	0	0	16KiB	64MiB	501.046	433.590	540.8	2.25	67108864	67108864	88035	0	0	3.5180	3.2832	1.5000	1.1519	16384	52.422	22.352	3822.7	4096	858.9	366.2	0	0.0	
e34-small-cap30mb-1KiB-r1	0	raw	0	30MB	1KiB	64MiB	227.064	221.555	278.8	3.45	67108864	67108864	100340	88	0	4.1141	1.7400	2.4800	1.0019	1024	61.305	36.955	27717.8	65536	62.8	37.8	1	0.1	
e34-small-cap30mb-4KiB-r1	0	raw	0	30MB	4KiB	64MiB	225.264	214.680	271.7	3.50	67108864	67108864	101284	679	0	3.8331	1.6083	2.1400	0.8353	4096	57.118	31.888	6874.5	16384	234.0	130.6	0	0.0	
e34-small-cap30mb-16KiB-r1	0	raw	0	30MB	16KiB	64MiB	227.411	221.655	253.5	3.43	67108864	67108864	88745	847	0	3.4248	1.4507	1.8400	0.7399	16384	51.034	27.418	1735.0	4096	836.1	449.2	1	0.1	
e34-small-cap30mb-1KiB-r2	0	raw	0	30MB	1KiB	64MiB	227.016	220.816	279.7	3.44	67108864	67108864	100333	235	0	4.1513	1.7554	2.4800	0.9979	1024	61.859	36.955	27712.0	65536	63.3	37.8	1	0.1	
e34-small-cap30mb-4KiB-r2	0	raw	0	30MB	4KiB	64MiB	225.065	214.397	276.2	3.50	67108864	67108864	101520	738	0	3.8732	1.6237	2.1300	0.8338	4096	57.715	31.739	6868.4	16384	236.4	130.0	0	0.0	
e34-small-cap30mb-16KiB-r2	0	raw	0	30MB	16KiB	64MiB	227.257	221.866	263.7	3.40	67108864	67108864	89128	885	0	3.3956	1.4373	1.8400	0.7412	16384	50.598	27.418	1733.8	4096	829.0	449.2	1	0.1	
e34-small-cap30mb-1KiB-r3	0	raw	0	30MB	1KiB	64MiB	227.036	221.564	279.7	3.45	67108864	67108864	100297	220	0	4.0522	1.7136	2.4500	0.9880	1024	60.383	36.508	27714.3	65536	61.8	37.4	2	0.2	
e34-small-cap30mb-4KiB-r3	0	raw	0	30MB	4KiB	64MiB	227.122	221.582	250.7	3.43	67108864	67108864	100202	158	0	3.9516	1.6717	2.1100	0.8500	4096	58.883	31.441	6931.2	16384	241.2	128.8	0	0.0	
e34-small-cap30mb-16KiB-r3	0	raw	0	30MB	16KiB	64MiB	227.652	221.792	255.1	3.44	67108864	67108864	88787	816	0	3.6817	1.5612	1.9500	0.7866	16384	54.862	29.057	1736.8	4096	898.9	476.1	1	0.1	
e34-small-cap8mb-1KiB-r1	0	raw	0	8MB	1KiB	64MiB	59.026	58.357	69.0	10.20	67108864	67108864	99207	67	0	4.0997	0.4507	2.6000	0.2810	1024	61.091	38.743	7205.3	65536	62.6	39.7	1	0.1	
e34-small-cap8mb-4KiB-r1	0	raw	0	8MB	4KiB	64MiB	59.029	58.385	65.3	10.20	67108864	67108864	99176	75	0	4.1256	0.4536	2.2800	0.2460	4096	61.476	33.975	1801.4	16384	251.8	139.2	0	0.0	
e34-small-cap8mb-16KiB-r1	0	raw	0	8MB	16KiB	64MiB	59.703	59.023	68.7	10.09	67108864	67108864	86735	45	0	3.6872	0.4100	2.0300	0.2219	16384	54.944	30.249	455.5	4096	900.2	495.6	0	0.0	
e34-small-cap8mb-1KiB-r2	0	raw	0	8MB	1KiB	64MiB	59.028	58.363	70.4	10.20	67108864	67108864	99172	79	0	4.1107	0.4520	2.5400	0.2746	1024	61.254	37.849	7205.6	65536	62.7	38.8	1	0.1	
e34-small-cap8mb-4KiB-r2	0	raw	0	8MB	4KiB	64MiB	59.033	58.373	61.7	10.21	67108864	67108864	99135	47	0	4.2182	0.4638	2.2900	0.2474	4096	62.856	34.124	1801.5	16384	257.5	139.8	0	0.0	
e34-small-cap8mb-16KiB-r2	0	raw	0	8MB	16KiB	64MiB	56.020	55.374	109.8	10.70	67108864	67108864	88219	26	0	3.8508	0.4018	2.0600	0.2112	16384	57.381	30.696	427.4	4096	940.1	502.9	11	1.1	
e34-small-cap8mb-1KiB-r3	0	raw	0	8MB	1KiB	64MiB	59.075	58.363	68.7	10.22	67108864	67108864	98529	52	0	4.1025	0.4514	2.5800	0.2782	1024	61.132	38.445	7211.3	65536	62.6	39.4	1	0.1	
e34-small-cap8mb-4KiB-r3	0	raw	0	8MB	4KiB	64MiB	59.036	58.372	67.0	10.20	67108864	67108864	99128	75	0	4.1028	0.4512	2.3000	0.2486	4096	61.136	34.273	1801.6	16384	250.4	140.4	0	0.0	
e34-small-cap8mb-16KiB-r3	0	raw	0	8MB	16KiB	64MiB	59.704	59.029	68.2	10.10	67108864	67108864	86670	55	0	3.7075	0.4123	2.0300	0.2216	16384	55.246	30.249	455.5	4096	905.1	495.6	0	0.0	
